payment_method,unique_customers,transaction_count,total_revenue,avg_transaction_value
Net Banking,4048,11058,227421.38,20.566230783143425
Debit Card,4024,10980,222891.96,20.29981420765027
Credit Card,3972,10830,221475.29,20.450165281625114
Cash on Delivery,4039,10963,220661.02,20.127795311502325
UPI,3978,10897,218523.02,20.053502798935487
